order_item_id,order_id,product_id,quantity,unit_price
1,1001,101,1,60000
2,1001,105,2,1000
3,1002,102,1,30000
4,1002,103,1,3000
5,1003,106,1,8000
6,1003,107,1,12000
7,1004,109,2,4000
8,1005,110,3,1500
9,1005,112,1,2000
10,1006,103,2,3000
11,1006,104,1,2000
12,1007,108,1,7000
13,1007,106,1,8000
14,1008,102,1,30000
15,1009,111,2,2500
16,1009,110,2,1500
17,1010,101,1,60000
18,1011,109,1,4000
19,1011,112,2,2000
20,1012,107,1,12000
21,1013,102,1,30000
22,1013,103,1,3000
23,1014,104,2,2000
24,1014,105,2,1000
25,1015,106,1,8000
26,1015,108,1,7000
27,1016,101,1,60000
28,1016,105,1,1000
29,1017,102,1,30000
30,1017,103,2,3000
31,1018,110,3,1500
32,1018,111,1,2500
33,1019,107,1,12000
34,1019,108,1,7000
35,1020,109,2,4000
36,1020,112,1,2000
37,1021,102,1,30000
38,1021,104,1,2000
39,1022,106,1,8000
40,1022,105,2,1000
41,1023,101,1,60000
42,1024,111,2,2500
43,1024,110,2,1500
44,1025,107,1,12000
45,1025,106,1,8000
46,1026,101,1,60000
47,1026,103,1,3000
48,1027,108,1,7000
49,1027,112,2,2000
50,1028,102,1,30000
51,1028,105,2,1000
52,1029,109,1,4000
53,1029,111,1,2500
54,1030,106,1,8000
55,1030,107,1,12000
56,1031,101,1,60000
57,1032,103,2,3000
58,1032,104,2,2000